﻿1,"Metody wizualizacji danych ekonomicznych",5.0
2,"Zastosowania rownan funkcyjnych w fizyce",4.5
3,"Zastosowania rownan funkcyjnych w gastronomii",4.0
4,"Rownania finansowe",5.0
5,Quasiliniowosci,3.5
6,"Rownania Jensena",3.5
7,"Badania ekonometryczne",4.0
8,"Przebudowa PIT",3.5
9,"Prawo podatkowe",2.0
10,"Analiza ekonometryczna",3.0
11,"Grafy powiazan ekonomicznych",3.0
12,"Relacje gospodarcze Australii",3.0
13,"Relacje gospodarcze Azji",5.0
14,"Relacje gospodarcze Ameryki Polnocnej",3.0
15,"Relacje gospodarcze Ameryki Poludniowej",2.0
16,"Gospodarka zbrojeniowa",4.5
17,"Całkowanie numeryczne",3.0
18,"Zastosowanie programowania obiektowego",3.0
19,"Dynamiczna wizualizacja danych finansowych",4.0
20,"Implementacje kwadratur numerycznych",5.0
21,"Ujęcie sieci neuronowych w medycynie",5.0
22,"OpenGL i jego praktyczne implementacje",5.0
23,"Szeregi zbieżne i niezbieżne",3.0
24,"Programowanie w Asembly",2.0
25,"Programowanie sterowników urządzeń peryferyjn",4.0
