﻿1,Andrzej,Pies,112425,3,4.98
2,Tomasz,Nowak,111131,2,4.90
3,Dariusz,Myszka,111133,2,2.67
4,Maksymili,Kowalski,124138,2,3.07
5,Kamil,Nawalski,111139,2,4.08
6,Zofia,Czarna,111141,2,3.08
7,Adrian,Stanicki,111146,3,4.30
8,Krzysztof,Rysz,111148,3,3.92
9,Krzysztof,Ziembicka,111149,3,4.12
10,Malwina,Chylda,122151,3,2.68
11,Oliwia,Szczur,111152,3,4.14
12,Gerwazy,Olejko,121154,3,2.99
13,Tomasz,Orkiestra,111155,3,4.15
14,Marek,Kaproń,129156,3,2.92
15,Mariusz,Flis,111158,3,4.17
16,Michalina,Myszak,111159,3,4.17
17,Edmund,Nawalski,123411,2,3.11
18,Adrian,Dukla,124071,1,3.22
19,Julia,Staszowska,133211,3,4.22
20,Konrad,Gustawiński,134112,2,4.55
21,Michał,Komsa,123633,1,4.87
22,Ewa,Krzat,123455,1,3.91
23,Edyta,Marzec,132555,2,3.01
24,Tytus,Fredro,120885,1,2.66
25,Damian,Król,112355,1,3.42
