﻿1,Mikroekonomia
2,"Analiza zespolona"
3,"Statystyka opisowa"
4,"Analiza finansowa"
5,"Rownania funkcyjne"
6,"Analiza funkcjonalna"
7,"Analiza ekonomiczna"
8,"Stosunki gospodarcze"
9,Marketing
10,Makroekonomia
11,Ekonometria
12,"Stosunki europejskie"
13,"Stosunki gospodarcze"
14,Marketing
15,"Polityka spoleczna"
16,"Teoria przedsiebiorstwa"
17,"Metody numeryczne"
18,"Programowanie obiektowe"
19,Brak
20,"Metody numeryczne"
21,"Grafika i komunikacja człowieka z komputerem"
22,"Grafika i komunikacja człowieka z komputerem"
23,"Analiza matematyczna"
24,"Architektura systemów komputerowych"
25,"Architektura systemów komputerowych"
